{
  "total_turns": 7372,
  "joint_goal_accuracy": 0.35363537710255016,
  "slot_accuracy": 0.24913225613405146,
  "precision": 0.3259729073682562,
  "recall": 0.5138237472229079,
  "f1_score": 0.39888851626503136,
  "perfect_turns": 2607,
  "perfect_turn_ratio": 0.35363537710255016,
  "per_slot_accuracy": {
    "taxi-destination": 0.13513513513513514,
    "taxi-departure": 0.14689265536723164,
    "hotel-stars": 0.1564927857935627,
    "train-arriveby": 0.3651226158038147,
    "train-leaveat": 0.22911051212938005,
    "taxi-arriveby": 0.11188811188811189,
    "taxi-leaveat": 0.16404494382022472,
    "hotel-parking": 0.01627670396744659,
    "restaurant-name": 0.14382022471910114,
    "hotel-name": 0.09285714285714286,
    "hotel-internet": 0.018367346938775512,
    "attraction-name": 0.11811023622047244,
    "restaurant-food": 0.7964989059080962,
    "restaurant-area": 0.4581818181818182,
    "restaurant-pricerange": 0.5769230769230769,
    "attraction-area": 0.44988344988344986,
    "attraction-type": 0.44288577154308617,
    "train-day": 0.5327102803738317,
    "restaurant-day": 0.0,
    "restaurant-people": 0.0,
    "restaurant-time": 0.0,
    "train-destination": 0.5027624309392266,
    "train-departure": 0.5503355704697986,
    "train-people": 0.0,
    "hotel-pricerange": 0.5606469002695418,
    "hotel-type": 0.12317666126418152,
    "hotel-area": 0.3156626506024096,
    "hotel-people": 0.0,
    "hotel-day": 0.0,
    "hotel-stay": 0.0
  }
}