{
  "total_turns": 7372,
  "joint_goal_accuracy": 0.3621812262615301,
  "slot_accuracy": 0.25251294547669817,
  "precision": 0.3329852185089974,
  "recall": 0.5109714003944773,
  "f1_score": 0.4032101167315175,
  "perfect_turns": 2670,
  "perfect_turn_ratio": 0.3621812262615301,
  "per_slot_accuracy": {
    "taxi-destination": 0.13387978142076504,
    "taxi-departure": 0.14613180515759314,
    "hotel-stars": 0.15754189944134078,
    "taxi-leaveat": 0.1655328798185941,
    "taxi-arriveby": 0.10915492957746478,
    "train-leaveat": 0.22837837837837838,
    "train-arriveby": 0.36475409836065575,
    "hotel-internet": 0.01958650707290533,
    "hotel-parking": 0.01735357917570499,
    "restaurant-name": 0.15440289505428226,
    "hotel-name": 0.09829867674858223,
    "attraction-name": 0.11746031746031746,
    "restaurant-area": 0.46153846153846156,
    "restaurant-food": 0.8004385964912281,
    "restaurant-pricerange": 0.5781584582441114,
    "attraction-type": 0.4415322580645161,
    "attraction-area": 0.4462616822429907,
    "restaurant-people": 0.0,
    "restaurant-time": 0.0,
    "train-day": 0.5309941520467836,
    "restaurant-day": 0.0,
    "train-destination": 0.5038845726970034,
    "train-departure": 0.5491251682368775,
    "train-people": 0.0,
    "hotel-type": 0.11831442463533225,
    "hotel-pricerange": 0.5579514824797843,
    "hotel-area": 0.3179611650485437,
    "hotel-day": 0.0,
    "hotel-people": 0.0,
    "hotel-stay": 0.0
  }
}